pid, burstTime, memSize
1,9581293657121,4147
2,101584558517,10045
3,6431165126556,14899
4,314557873923,872
5,8176665071187,15477
6,4797241727742,3305
7,8013268908373,1060
8,468381857781,7
9,6931355577055,15048
10,4545913210399,15732
11,2894824610326,5640
12,2341984784810,10045
13,3662697362841,196
14,2426003998636,3777
15,5423254350573,8105
16,8146682404434,7910
17,5943337656358,8465
18,3068224787984,2425
19,4031266377091,10961
20,8002792040476,1962
21,6769950842968,886
22,9011081258732,8993
23,2197552626570,8360
24,8994369521914,1512
25,7896088124120,9350
26,316268351759,7081
27,5294385819043,189
28,2269052298469,2416
29,5399560234696,3869
30,5139173133370,15498
31,4142370159622,13456
32,2128185955208,11539
33,4554602831091,11548
34,1450060361139,2973
35,8592609027875,800
36,3552701708782,8918
37,3579193056495,15076
38,2600897482715,9471
39,6956724463161,1919
40,7109908217067,6426
41,8327770628707,10551
42,1933460638274,2915
43,9604884218736,13746
44,2686617826142,13755
45,2499750756747,453
46,4123801982935,12127
47,7552316118462,11166
48,5993827300005,14532
49,434013580804,5569
50,3458534080297,8817
51,9354461457499,4108
52,4288408529482,11367
53,2059862963336,7693
54,1738149440110,7408
55,2131229871123,4807
56,256930465941,10672
57,2074616933546,10909
58,1002752747483,7535
59,5040505914849,7054
60,5507077917173,14031
61,7918185750431,13267
62,8775481464356,4
63,6021423662378,3258
64,7611952184431,6961
65,3615013172977,4671
66,6018975487988,5048
67,5127500168736,5109
68,7152469484148,3861
69,9053545106442,14781
70,500087366765,3675
71,270106481192,5675
72,3703294807418,3965
73,6773765393752,14755
74,758308981574,10934
75,3692497500451,740
76,2207545976758,5116
77,832845611263,8632
78,8373130671517,15894
79,9994793704175,15189
80,3685621819861,2168
81,4819426096608,14176
82,8725664084751,13172
83,9030135282151,4256
84,6723438615687,12828
85,8586790887433,4987
86,2949799360689,2797
87,9492350958231,15460
88,8685397101586,1757
89,5775164402929,1700
90,6268284190944,15245
91,1515531742189,9014
92,8097392996598,9735
93,6693522538822,8071
94,409047161499,14444
95,9105666365111,2548
96,2145189000176,14709
97,3631258549047,3783
98,296920978242,15564
99,5724879692655,9941
100,5733433017731,15530
101,8169899969171,1763
102,7716304691959,6404
103,8848270712656,83
104,1050729819060,1198
105,2565346797639,5834
106,7139918893919,1197
107,1814014081749,9372
108,9085881485240,422
109,9770736900030,12514
110,1418974182132,15633
111,3786716603966,1764
112,7040890712671,10313
113,9170525267982,12775
114,7530138963676,11919
115,1154628445525,2192
116,8085719639541,7012
117,7595780854697,1568
118,5074634053833,10687
119,6180754639228,9156
120,2400420208661,5085
121,7691271054064,6932
122,2724591784707,10566
123,1228423396319,12302
124,949703210392,8474
125,8204509192547,10502
126,312225138762,227
127,9381379171487,12808
128,5935439627321,3833
129,3267114794749,3220
130,6756948353366,15709
131,4779004308574,12382
132,4372306647931,7057
133,238776619251,8073
134,6525879139264,7851
135,8486630797057,4683
136,3731873171118,1815
137,8184179127846,1656
138,9822890970709,8632
139,8221621935427,6985
140,1100545223540,12898
141,1553201035523,6386
142,4201716492358,1231
143,2755229164946,13894
144,9796561782202,1200
145,6134552423906,5174
146,7798211535626,6632
147,4310711030581,14927
148,9891483965572,7140
149,6853459669655,6364
150,6877308562556,7566
151,4778011626842,13764
152,1581314501251,13341
153,9483383619327,14758
154,2889750809913,6625
155,4065222646021,7000
156,2852714762922,9372
157,842333697605,4536
158,6734077300790,7343
159,1407232206112,12185
160,5389622402196,9374
161,4543899050935,9885
162,419154176847,15067
163,2951824434999,14993
164,5165461197535,1377
165,1873533742917,5142
166,8822420573236,14420
167,1443586854397,13301
168,6666359879266,3121
169,9860121134932,2282
170,6739438222713,12186
171,6325854183825,4025
172,2190689756612,3193
173,1113442821100,13539
174,8919705701317,14408
175,5081129325252,2494
176,170159254969,2302
177,2497529345335,10995
178,3284395003907,2529
179,9130131199930,12195
180,8957871753989,5484
181,2210572250014,2932
182,21045393327,9377
183,109973037346,10693
184,5028631846338,12073
185,7341373036794,14771
186,1750725497880,15816
187,4851552120820,5540
188,7036688054941,6231
189,6472882173495,6406
190,2462865165506,868
191,9876752660645,9987
192,9676473246164,2863
193,4402976566894,1747
194,5413082080754,2117
195,8735483536220,307
196,3791426894330,15725
197,8552906690106,6280
198,2679372409670,15222
199,8003032735236,550
200,1676294466457,10531
201,9133685219751,12464
202,1571890337782,13330
203,258049180119,12534
204,9018273753140,5883
205,7640674042168,12770
206,5591725609188,3218
207,4861356311154,8887
208,7422256998881,8831
209,746775366255,8181
210,133937516315,6975
211,9856083936012,2955
212,3965424477348,3869
213,9164449919804,3961
214,5630097138671,6023
215,809238832717,5386
216,6726644929484,10194
217,3547023339431,4507
218,3325843887873,308
219,4915102412034,1203
220,7735910753217,2027
221,1999317166354,7097
222,1388503976823,3458
223,1180914577054,5180
224,7289089927342,2819
225,6268250781630,14345
226,1540318368548,6735
227,14855074356,1332
228,6073377483817,12138
229,6183497853762,9179
230,8912454387201,12576
231,8036916996035,8329
232,4048723436509,4079
233,4418556620670,148
234,315196601472,2551
235,6432857758383,4655
236,7530544757144,15973
237,6142602355370,8880
238,8619470873001,12547
239,3671479973274,11311
240,8419072188902,14238
241,633406858920,3490
242,3445335830811,11980
243,5905709036223,9889
244,2020578884247,12169
245,4421569745600,9769
246,852319397777,7864
247,877686411804,1822
248,2405840175443,6479
249,8036529799232,11946
250,7227310300683,14536
